,,,,,,,,,,,,,,,,,,,,,,,,,,,,
,,FIFO,LIFO,LOR,LPT,LTPT,MOR,SPT,STPT,Random_Random Strategy,SoTA-PPO,GAT,GNN,GKAT,MAX,AVG,Padding_Zero,Bellman,D3QPN,GWO,GA,DE,Transfer-D3QPN,Optimal_strategy,MOR+LPT,LOR+SPT,FCFS*S,SI/Q
ft06,MAKESPAN,65,70,68,77,68,59,88,83,73,70,65,59,65,70,65,86,70,59,59,58,60,59,55,68,85,78,84
(6*6),Scheduling time,0.01,0.01,0.01,0.05,0.03,0.02,0.02,0.02,0.03,0.13,0.03,0.03,0.45,0.03,0.03,0.04,0.03,0.06,19.59,2.93,972.54,0.03,,0.01,0.01,0.01,0.01
,Standard deviation,0,0,0,0,0,0,0,0,10.38,4.41,1.95,0,0,0.49,0,6.63,0,3.02,1.95,2.39,1.7,0,,4.41,5.54,5.12,6.95
ft10,MAKESPAN,1230,1201,1352,1295,1190,1163,1074,1262,1193,1257,1293,1378,1294,1201,1294,1075,1201,1003,1219,1331,1312,1002,930,1284,1100,1176,1114
(10*10),Scheduling time,0.07,0.08,0.12,0.16,0.21,0.13,0.16,0.13,0.15,0.36,0.16,0.18,1.34,0.15,0.18,0.32,0.15,1.97,22.42,2.89,1267.92,0.16,,0.11,0.1,0.09,0.09
,Standard deviation,0,0,0,0,0,0,0,0,64.32,30.45,18.54,0,0,3.36,0,12.34,0,61.89,64.62,53.13,36.45,20.48,,53.35,50.91,52.33,42.54
ft20,MAKESPAN,1658,1304,1487,1631,1495,1601,1267,1309,1480,1590,1433,1309,1433,1363,1433,1267,1358,1205,1564,1634,1635,1205,1165,1616,1280,1358,1279
(5*20),Scheduling time,0.1,0.1,0.13,0.18,0.2,0.17,0.19,0.18,0.25,0.37,0.24,0.25,1.81,0.26,0.25,0.77,0.26,2.53,22.52,2.91,1262.89,0.26,,0.14,0.12,0.11,0.11
,Standard deviation,0,0,0,0,0,0,0,0,87.8,34.74,3.89,0,0,22.73,0,0,0,49.56,72.06,57.97,41.84,0,,43.89,44.35,45.18,32.91
la01,MAKESPAN,848,772,941,822,835,763,751,933,823,759,808,763,808,797,808,751,772,666,727,782,769,666,666,818,761,869,775
(5*10),Scheduling time,0.03,0.04,0.05,0.08,0.05,0.05,0.09,0.06,0.07,0.17,0.07,0.08,0.69,0.08,0.08,0.16,0.07,0.73,20.92,2.97,1046.85,0.07,,0.05,0.05,0.04,0.04
,Standard deviation,0,0,0,0,0,0,0,0,55.98,32.59,7.21,0,0,20.13,0,2.69,0,63.64,32.6,30.34,24.17,14.25,,27.93,27.62,52.8,42.5
la02,MAKESPAN,821,799,982,990,881,812,821,761,846,840,850,806,848,795,848,821,802,685,768,821,805,684,655,952,796,773,778
(5*10),Scheduling time,0.03,0.03,0.05,0.06,0.07,0.05,0.06,0.05,0.08,0.18,0.08,0.09,0.69,0.08,0.07,0.17,0.07,0.74,21.25,2.95,1047.31,0.08,,0.05,0.04,0.04,0.04
,Standard deviation,0,0,0,0,0,0,0,0,66.45,38.66,11.92,0,7.14,50.26,0,1.57,0,34.88,31.66,33.1,29.71,0,,58.13,36.89,35.07,34.06
la03,MAKESPAN,734,765,758,825,696,726,672,811,775,702,750,726,750,751,750,674,756,620,696,737,731,615,597,807,745,770,711
(5*10),Scheduling time,0.03,0.03,0.05,0.05,0.07,0.05,0.04,0.05,0.07,0.18,0.07,0.07,0.73,0.08,0.08,0.15,0.07,0.66,21.1,2.95,1043.09,0.07,,0.05,0.04,0.04,0.04
,Standard deviation,0,0,0,0,0,0,0,0,43.31,31.01,5.39,0,3.23,21.78,0,10.92,0,39.16,32.14,25.34,25.05,5.67,,36.84,33.5,41.85,26.3
la04,MAKESPAN,737,827,745,818,887,706,711,874,800,745,737,874,737,793,737,707,808,615,681,736,728,615,590,865,703,722,698
(5*10),Scheduling time,0.03,0.04,0.05,0.05,0.05,0.05,0.05,0.07,0.07,0.18,0.07,0.08,0.8,0.08,0.07,0.19,0.08,0.71,21.1,3.07,1041.6,0.07,,0.05,0.04,0.04,0.04
,Standard deviation,0,0,0,0,0,0,0,0,59.15,27.51,3.72,0,9.25,34.64,0,14.34,0,11.55,34.01,34.53,27.81,9.65,,53.13,30.04,27.95,30.14
la05,MAKESPAN,593,681,704,693,658,593,610,677,644,596,606,658,605,684,605,610,669,593,599,633,616,593,593,668,620,623,623
(5*10),Scheduling time,0.03,0.03,0.04,0.05,0.05,0.05,0.05,0.04,0.06,0.18,0.07,0.07,0.79,0.07,0.07,0.17,0.07,0.61,20.83,3.15,1046.79,0.08,,0.04,0.04,0.04,0.04
,Standard deviation,0,0,0,0,0,0,0,0,46.47,8.44,7.19,0,4.08,30.98,0,0,0,2.36,11.44,30.59,15.34,13.06,,42.24,27.27,50.92,39.61
la06,MAKESPAN,1014,1246,1095,1125,1098,926,1200,1012,1025,955,1115,1119,1116,1194,1116,1200,1222,926,982,1040,1025,926,926,1122,1182,1022,1171
(5*15),Scheduling time,0.05,0.06,0.09,0.11,0.15,0.11,0.12,0.09,0.15,0.28,0.14,0.14,1.37,0.14,0.13,0.4,0.13,1.27,21.86,3.07,1155.22,0.16,,0.08,0.08,0.07,0.07
,Standard deviation,0,0,0,0,0,0,0,0,67.67,19.22,5.17,0,0,47.78,0,4.88,0,19.38,35.04,43.72,32.09,0,,30.34,55.98,51.69,63.2
la07,MAKESPAN,1105,1156,1137,1069,1025,1001,1034,1105,1051,997,1049,1105,1049,1105,1049,1034,1136,916,1014,1085,1068,920,890,1087,1021,1082,1023
(5*15),Scheduling time,0.05,0.06,0.09,0.11,0.1,0.09,0.17,0.11,0.14,0.27,0.14,0.14,1.29,0.12,0.13,0.36,0.12,1.39,28.16,3.03,1167.96,0.14,,0.08,0.07,0.07,0.07
,Standard deviation,0,0,0,0,0,0,0,0,64.81,31.9,3.28,0,0,47.1,0,0,0,41.71,44.83,44.25,31.17,0,,28.95,40.43,47.25,33.94
la08,MAKESPAN,982,1101,995,1035,952,925,942,995,1013,1007,1021,1022,1022,1026,1022,942,1047,866,974,1045,1024,866,863,1086,959,902,958
(5*15),Scheduling time,0.05,0.06,0.09,0.11,0.12,0.09,0.17,0.09,0.15,0.27,0.15,0.15,1.28,0.13,0.14,0.41,0.13,1.35,34.34,3.03,1165.93,0.16,,0.08,0.07,0.07,0.07
,Standard deviation,0,0,0,0,0,0,0,0,74.95,36.23,7.04,0,0,34.1,0,0.9,0,15.06,38.99,45.7,34.95,7.07,,71.13,32.29,47.3,35.59
la09,MAKESPAN,1011,1089,1149,1183,1304,951,1045,1220,1069,974,1117,1072,1078,1084,1120,1045,1073,943,1021,1094,1063,952,951,1178,1122,1015,1060
(5*15),Scheduling time,0.05,0.07,0.09,0.18,0.18,0.1,0.12,0.09,0.14,0.27,0.16,0.16,1.3,0.14,0.14,0.43,0.13,1.39,32.67,3.07,1168.53,0.16,,0.09,0.08,0.07,0.07
,Standard deviation,0,0,0,0,0,0,0,0,72.39,22.12,18.01,0,4.18,21.37,0,0,0,6.73,41.43,40.89,28.37,8.36,,43.61,60.15,59.37,37.24
la10,MAKESPAN,1035,1132,1032,1132,1033,958,1049,1312,1060,983,1114,1042,1116,1131,1116,1049,1130,955,985,1048,1020,958,958,1116,1090,1041,1077
(5*15),Scheduling time,0.06,0.06,0.09,0.18,0.15,0.09,0.09,0.15,0.14,0.27,0.16,0.16,1.51,0.14,0.14,0.36,0.14,1.29,31.83,3.05,1157.45,0.16,,0.09,0.08,0.07,0.07
,Standard deviation,0,0,0,0,0,0,0,0,63.01,27.29,12.32,0,0,8.5,0,0.6,0,10.07,25.93,36.81,30.3,0.2,,31,78.75,39.62,64.19
la11,MAKESPAN,1229,1488,1586,1467,1416,1222,1473,1446,1336,1237,1314,1235,1314,1549,1314,1473,1556,1222,1330,1400,1371,1222,1222,1471,1494,1318,1435
(5*20),Scheduling time,0.09,0.1,0.14,0.16,0.24,0.21,0.25,0.21,0.24,0.37,0.24,0.27,2.46,0.23,0.22,0.63,0.25,2.18,32.95,3.02,1262.71,0.26,,0.14,0.12,0.11,0.11
,Standard deviation,0,0,0,0,0,0,0,0,64.11,29.21,2.49,0,0,12.41,0,0,0,16.22,40.67,45.19,34.12,0,,30.5,41.53,59.66,52.74
la12,MAKESPAN,1039,1329,1295,1240,1126,1039,1203,1358,1197,1088,1249,1066,1249,1497,1249,1202,1518,1037,1133,1195,1182,1039,1039,1245,1214,1168,1227
(5*20),Scheduling time,0.08,0.1,0.13,0.13,0.18,0.26,0.17,0.14,0.21,0.36,0.23,0.24,2.61,0.23,0.19,0.6,0.23,1.76,33.29,3,1263.87,0.25,,0.13,0.11,0.1,0.1
,Standard deviation,0,0,0,0,0,0,0,0,91.4,31.45,0,0,0,57.35,0,7.98,0,2.06,46.59,44.06,34.12,0,,38.06,44.31,52.17,48.23
la13,MAKESPAN,1160,1519,1320,1230,1252,1150,1275,1267,1250,1166,1235,1270,1235,1471,1235,1276,1502,1151,1261,1335,1312,1151,1150,1278,1338,1234,1289
(5*20),Scheduling time,0.08,0.11,0.17,0.14,0.15,0.19,0.14,0.13,0.23,0.37,0.24,0.25,2.61,0.25,0.22,0.74,0.27,2.21,34.34,3.01,1266.49,0.28,,0.13,0.12,0.11,0.11
,Standard deviation,0,0,0,0,0,0,0,0,61.24,30.85,3.15,0,0,77.53,0,5.46,0,9.65,49.43,47.82,35.73,3.64,,54.77,73.46,54.37,34.79
la14,MAKESPAN,1321,1505,1567,1434,1419,1292,1427,1646,1374,1292,1543,1321,1547,1596,1547,1427,1646,1292,1321,1377,1352,1292,1292,1405,1518,1426,1463
(5*20),Scheduling time,0.09,0.1,0.16,0.15,0.17,0.25,0.17,0.17,0.24,0.38,0.26,0.26,2.61,0.26,0.25,0.67,0.24,2.2,36.6,3.01,1256.92,0.27,,0.13,0.13,0.12,0.11
,Standard deviation,0,0,0,0,0,0,0,0,82.95,9.08,17.54,0,0,111.19,0,3.48,0,2.17,29.19,43.96,28.41,0,,49.51,54.27,51.37,51.98
la15,MAKESPAN,1471,1519,1598,1612,1394,1436,1339,1632,1461,1488,1506,1606,1504,1389,1504,1339,1384,1241,1449,1527,1498,1336,1207,1596,1356,1429,1366
(5*20),Scheduling time,0.09,0.1,0.19,0.16,0.15,0.2,0.24,0.18,0.22,0.37,0.24,0.25,2.58,0.22,0.23,0.69,0.23,2.54,38.18,3.03,1262.79,0.26,,0.14,0.12,0.12,0.12
,Standard deviation,0,0,0,0,0,0,0,0,101.92,56.17,20.32,0,0,14.17,0,0,0,70.51,51.91,51.46,38.54,0,,43.43,47.28,61.87,42.97
la16,MAKESPAN,1297,1306,1119,1229,1165,1108,1156,1268,1172,1170,1373,1268,1374,1311,1374,1156,1387,1108,1138,1238,1206,1108,945,1219,1255,1144,1181
(10*10),Scheduling time,0.07,0.08,0.11,0.19,0.12,0.16,0.17,0.16,0.12,0.35,0.14,0.14,1.98,0.14,0.14,0.32,0.14,1.59,38.05,3.1,1262.78,0.14,,0.1,0.09,0.09,0.09
,Standard deviation,0,0,0,0,0,0,0,0,83.38,37.54,3.78,0,0,109.12,0,0,0,26.47,45.28,43.8,31.38,0,,51.31,79.4,37.05,66.2
la17,MAKESPAN,908,987,948,1082,993,844,924,1120,977,964,886,915,884,988,884,925,987,849,947,1072,1032,844,784,1074,956,1001,944
(10*10),Scheduling time,0.06,0.07,0.09,0.22,0.12,0.16,0.18,0.15,0.12,0.37,0.12,0.14,2.04,0.11,0.12,0.23,0.11,1.37,37.05,3.1,1266.19,0.12,,0.09,0.08,0.08,0.08
,Standard deviation,0,0,0,0,0,0,0,0,69.37,23.86,10.19,0,0,6.89,0,6.57,0,30.98,46.38,48.57,30.15,30.87,,64.06,44.75,70.86,30.97
la18,MAKESPAN,1057,1178,1154,1114,1198,942,981,1111,1068,1002,1203,942,1206,1031,1206,981,1033,932,1040,1149,1109,942,848,1099,998,1029,998
(10*10),Scheduling time,0.06,0.08,0.1,0.1,0.19,0.14,0.13,0.15,0.12,0.36,0.13,0.14,2.06,0.13,0.13,0.23,0.13,1.64,37.27,3.07,1263.47,0.12,,0.09,0.08,0.08,0.08
,Standard deviation,0,0,0,0,0,0,0,0,87.46,26.01,13.76,0,0,17.11,0,1.49,0,59.53,47.46,43.06,30.08,1.69,,72.55,27.92,35.36,31.73
la19,MAKESPAN,1062,992,1004,1062,1004,1088,940,981,1016,1083,999,1041,999,994,999,941,992,927,1066,1182,1142,952,842,1068,950,963,957
(10*10),Scheduling time,0.06,0.07,0.11,0.1,0.11,0.1,0.1,0.12,0.12,0.37,0.13,0.14,2.05,0.11,0.13,0.25,0.11,1.39,35.79,3.04,1263.92,0.12,,0.1,0.09,0.08,0.08
,Standard deviation,0,0,0,0,0,0,0,0,50.03,45.69,2.09,0,0,25.7,0,3.75,0,23.28,50.27,48.2,35.25,19.03,,40.31,27.52,32.9,41.09
la20,MAKESPAN,1243,1092,1207,1272,1086,1130,1000,1201,1160,1099,1249,1116,1250,1103,1250,1000,1092,1026,1118,1235,1185,1026,902,1210,1022,1223,1023
(10*10),Scheduling time,0.15,0.07,0.14,0.11,0.16,0.13,0.1,0.15,0.12,0.36,0.15,0.13,2.09,0.14,0.14,0.24,0.13,1.51,33.19,3,1267.89,0.13,,0.09,0.09,0.09,0.08
,Standard deviation,0,0,0,0,0,0,0,0,95.51,52.64,10.35,0,0,25.84,0,0,0,48.74,52.27,44.45,31.26,29.4,,40.92,56.53,37.61,56.19
la21,MAKESPAN,1296,1306,1547,1451,1278,1251,1324,1541,1346,1260,1297,1441,1294,1502,1294,1324,1473,1210,1468,1607,1552,1196,1046,1393,1296,1381,1306
(10*15),Scheduling time,0.11,0.13,0.26,0.19,0.24,0.23,0.21,0.41,0.28,0.54,0.3,0.29,3.44,0.28,0.29,0.89,0.26,2.72,35.3,3.07,1365.9,0.27,,0.17,0.16,0.13,0.14
,Standard deviation,0,0,0,0,0,0,0,0,83.96,37.71,17.64,0,0,77.73,0,0,0,52.82,76.28,56.35,35.96,0,,71.15,75.18,78.18,49.11
la22,MAKESPAN,1319,1351,1359,1315,1156,1198,1180,1563,1316,1217,1285,1378,1287,1282,1287,1180,1278,1152,1314,1434,1399,1198,927,1348,1211,1253,1196
(10*15),Scheduling time,0.11,0.13,0.18,0.17,0.25,0.23,0.2,0.23,0.29,0.54,0.29,0.3,3.42,0.24,0.27,0.97,0.24,2.72,33.77,3.04,1366.04,0.3,,0.16,0.16,0.15,0.14
,Standard deviation,0,0,0,0,0,0,0,0,108.89,52.52,9.05,0,0,23.96,0,0,0,31.45,71.59,57.36,38.15,15.81,,61.32,57.58,75.28,50.57
la23,MAKESPAN,1217,1619,1493,1302,1490,1268,1162,1254,1273,1224,1231,1172,1231,1575,1231,1162,1597,1080,1387,1557,1488,1168,1032,1342,1275,1188,1218
(10*15),Scheduling time,0.1,0.13,0.25,0.19,0.2,0.24,0.28,0.19,0.29,0.54,0.27,0.28,3.45,0.29,0.25,0.77,0.26,2.58,32.41,3.07,1364.85,0.28,,0.17,0.16,0.14,0.13
,Standard deviation,0,0,0,0,0,0,0,0,84.71,36.31,0,0,0,77.82,0,0,0,38.73,80.02,57.49,45.8,0.6,,76.47,57.08,72.41,59.07
la24,MAKESPAN,1227,1373,1508,1245,1233,1149,1203,1517,1231,1162,1130,1118,1128,1402,1128,1204,1409,1066,1335,1458,1400,1077,935,1262,1242,1265,1238
(10*15),Scheduling time,0.11,0.14,0.28,0.16,0.27,0.19,0.2,0.18,0.29,0.55,0.29,0.26,3.4,0.26,0.27,0.76,0.26,2.53,33.32,3.05,1359.64,0.32,,0.16,0.16,0.14,0.14
,Standard deviation,0,0,0,0,0,0,0,0,91.42,38.45,13.82,0,0,40.4,0,6.37,0,30.51,67.01,51.65,39.91,8.78,,55.57,72.01,69.82,76.62
la25,MAKESPAN,1331,1351,1371,1374,1250,1209,1449,1499,1318,1298,1352,1408,1351,1459,1351,1447,1470,1147,1377,1503,1440,1078,977,1366,1361,1354,1361
(10*15),Scheduling time,0.11,0.13,0.25,0.18,0.22,0.19,0.17,0.19,0.3,0.54,0.3,0.28,3.07,0.27,0.27,0.92,0.28,2.64,33.2,3.04,1361.81,0.32,,0.17,0.16,0.14,0.14
,Standard deviation,0,0,0,0,0,0,0,0,80.14,60.45,16.61,0,0,31.92,0,19.8,0,48.61,65.19,52.96,37.62,18.82,,57.11,69.83,50.52,58.81
la26,MAKESPAN,1422,1668,1687,1643,1709,1411,1498,1754,1531,1461,1514,1418,1513,1687,1513,1498,1681,1142,1781,1913,1855,1411,1218,1643,1591,1465,1558
(10*20),Scheduling time,0.17,0.21,0.4,0.44,0.35,0.4,0.46,0.36,0.56,0.73,0.71,0.82,4.45,0.48,0.46,1.98,0.48,4.91,36.52,3.09,1451.35,0.69,,0.27,0.26,0.22,0.23
,Standard deviation,0,0,0,0,0,0,0,0,88.05,40.57,3.68,0,0,32.9,0,0,0,73.21,67.93,62.19,46.15,0,,72.73,77.3,57.79,84.49
la27,MAKESPAN,1580,1695,1687,1644,1804,1566,1784,1872,1590,1610,1821,1634,1821,1671,1821,1784,1672,1523,1833,1991,1914,1438,1235,1714,1701,1559,1695
(10*20),Scheduling time,0.18,0.21,0.41,0.43,0.41,0.35,0.42,0.45,0.59,0.72,0.79,0.99,4.59,0.52,0.52,1.79,0.51,4.97,36.76,3.07,1448.66,0.71,,0.29,0.27,0.23,0.23
,Standard deviation,0,0,0,0,0,0,0,0,79.1,51.8,0,0,0,10.2,0,0,0,40.5,72.39,68.55,44.55,4.78,,89.33,80.75,54.72,85.12
la28,MAKESPAN,1491,1763,1743,1844,1543,1477,1610,1529,1595,1581,1671,1626,1672,1785,1672,1610,1787,1519,1768,1908,1849,1457,1216,1767,1573,1501,1568
(10*20),Scheduling time,0.17,0.21,0.42,0.43,0.36,0.31,0.31,0.39,0.59,0.72,0.75,0.97,4.89,0.65,0.53,2.31,0.56,5.14,36.89,3.16,1453.65,0.73,,0.28,0.26,0.23,0.23
,Standard deviation,0,0,0,0,0,0,0,0,96.91,58.87,4.67,0,0,13.34,0,0,0,69.67,77.59,70.93,43.01,7.26,,102.48,49.8,53.14,51.8
la29,MAKESPAN,1533,1751,1858,1720,1728,1437,1556,1724,1605,1500,1620,1431,1619,1684,1619,1556,1684,1379,1746,1869,1822,1437,1152,1643,1606,1527,1605
(10*20),Scheduling time,0.17,0.19,0.4,0.39,0.33,0.28,0.33,0.38,0.53,0.66,0.72,0.87,4.7,0.65,0.53,1.94,0.56,4.55,36.58,3.12,1454.37,0.65,,0.26,0.25,0.22,0.22
,Standard deviation,0,0,0,0,0,0,0,0,97.23,45.51,5.88,0,0,3.27,0,0.7,0,35.64,69.67,70.16,46.23,0,,100.2,69.7,80.58,65.48
la30,MAKESPAN,1677,1911,1847,1953,1717,1565,1792,1956,1697,1588,1677,1657,1677,1723,1677,1792,1717,1565,1866,2006,1946,1565,1355,1868,1781,1639,1751
(10*20),Scheduling time,0.18,0.21,0.41,0.45,0.49,0.28,0.81,0.32,0.6,0.66,0.76,0.95,4.74,0.62,0.58,2.13,0.57,5.46,36.2,3.14,1454.23,0.67,,0.29,0.27,0.23,0.23
,Standard deviation,0,0,0,0,0,0,0,0,103.94,29.88,0,0,0,25.02,0,0,0,25.44,78.98,73.43,46.4,0,,65.86,57.1,73.27,55
la31,MAKESPAN,1825,2064,2129,2245,2083,1836,1951,2270,2037,1988,2097,1944,2097,2287,2097,1951,2293,1784,2425,2553,2477,1820,1784,2216,1995,1896,1983
(10*30),Scheduling time,0.34,0.39,0.78,0.81,0.87,0.58,0.71,0.81,1.57,1,1.9,2.08,9.93,1.69,1.62,7.26,1.52,13.17,42,3.18,1549.93,1.9,,0.54,0.52,0.45,0.46
,Standard deviation,0,0,0,0,0,0,0,0,79.32,46.25,4.28,0,0,29.2,0,0,0,33.56,57.35,71.71,52.01,2.24,,76.04,87.23,53.81,84.65
la32,MAKESPAN,2010,2394,2374,2470,2300,1984,2165,2345,2148,2085,2235,2063,2236,2446,2236,2165,2454,1943,2580,2726,2646,1889,1850,2431,2281,2068,2252
(10*30),Scheduling time,0.35,0.41,0.63,0.86,0.81,0.78,0.7,0.83,1.72,1.02,2,2.64,10.31,1.79,1.63,7.12,1.58,13.11,42.76,3.19,1550.52,1.98,,0.58,0.55,0.48,0.48
,Standard deviation,0,0,0,0,0,0,0,0,94.34,57.73,10.07,0,0,48.9,0,0,0,49.15,69.4,77.52,54.61,1.89,,98.43,71,62.9,80.9
la33,MAKESPAN,1875,2166,2411,2297,2070,1811,1901,2142,2045,1876,2175,2296,2175,2253,2175,1901,2268,1792,2361,2497,2415,1811,1719,2248,1987,1916,1976
(10*30),Scheduling time,0.41,0.4,0.66,0.8,0.66,0.82,0.66,0.75,1.98,1.04,2.71,2.94,10.59,1.59,1.53,6.25,1.43,12.48,43.86,3.17,1550.58,2.39,,0.52,0.52,0.45,0.45
,Standard deviation,0,0,0,0,0,0,0,0,90.03,47.2,0,0,0,31.12,0,0,0,29.51,62.53,74.98,49.94,1.19,,77.24,63.17,52.31,64.69
la34,MAKESPAN,1913,2210,2545,2330,2063,1853,2070,2108,2037,1903,2236,2082,2236,2341,2236,2070,2353,1849,2402,2550,2462,1831,1721,2310,2140,1932,2069
(10*30),Scheduling time,0.34,0.52,0.82,0.84,0.7,0.83,0.78,0.93,1.92,1.07,2.67,3.18,10.53,1.97,1.66,6.78,1.66,12.92,43.93,3.17,1551.26,2.32,,0.53,0.53,0.43,0.46
,Standard deviation,0,0,0,0,0,0,0,0,82.8,44.38,0,0,0,59.19,0,0,0,35.79,73.62,70.07,57.7,3.69,,68.84,88.55,41.64,82.05
la35,MAKESPAN,2126,2266,2350,2349,2390,2064,2118,2383,2276,2071,2225,2205,2225,2339,2225,2118,2333,1930,2601,2733,2669,1897,1888,2404,2210,2056,2157
(10*30),Scheduling time,0.35,0.41,0.81,0.72,0.9,0.65,0.9,0.77,1.96,1.07,2.29,3.13,10.18,1.83,1.75,6.46,1.74,13.74,43.1,3.18,1552.57,2.25,,0.54,0.51,0.45,0.45
,Standard deviation,0,0,0,0,0,0,0,0,120.2,66.95,0,0,0,16.8,0,0,0,39.73,80.46,75.06,60.31,6.51,,69.4,56.07,62.18,65.65
la36,MAKESPAN,1661,1771,1932,1737,1750,1492,1799,1894,1704,1520,1653,1569,1654,1771,1654,1799,1771,1481,1790,1989,1903,1429,1268,1823,1843,1677,1800
(15*15),Scheduling time,0.18,0.21,0.43,0.37,0.36,0.34,0.4,0.41,0.54,0.77,0.74,0.8,4.8,0.54,0.52,1.18,0.44,4.61,39.68,3.1,1485,0.54,,0.27,0.27,0.23,0.24
,Standard deviation,0,0,0,0,0,0,0,0,110.09,50.7,7.06,0,0,40.05,0,0,0,62.08,70.81,69.44,47.83,6.27,,115.29,85.34,76.61,96.79
la37,MAKESPAN,1766,1822,1943,1944,1679,1606,1655,1745,1765,1681,1727,1658,1727,1659,1727,1655,1653,1615,2014,2178,2119,1606,1397,1866,1728,1717,1714
(15*15),Scheduling time,0.18,0.21,0.43,0.37,0.5,0.32,0.35,0.4,0.58,0.79,0.74,0.87,5.15,0.56,0.48,1.41,0.5,5.66,38.95,3.08,1481.56,0.63,,0.27,0.27,0.23,0.25
,Standard deviation,0,0,0,0,0,0,0,0,112.15,57.03,0,0,0,38.83,0,0,0,18.33,90.56,63.98,55.17,0,,90.2,132.56,57.67,112.48
la38,MAKESPAN,1666,1592,1741,1732,1648,1455,1404,1838,1573,1533,1712,1823,1710,1653,1710,1404,1650,1496,1779,1959,1869,1370,1196,1662,1528,1622,1492
(15*15),Scheduling time,0.17,0.2,0.41,0.46,0.29,0.41,0.31,0.41,0.55,0.77,0.72,0.93,5.17,0.57,0.52,1.29,0.56,4.84,39.01,3.07,1482.54,0.54,,0.26,0.26,0.22,0.23
,Standard deviation,0,0,0,0,0,0,0,0,96.25,50.12,21.29,0,0,10.97,0,0,0,81.63,79.71,60.34,57.01,11.9,,74.69,63.3,77.09,77.61
la39,MAKESPAN,1519,1704,1641,1625,1702,1540,1534,1602,1598,1550,1626,1540,1625,1609,1625,1534,1606,1512,1822,1983,1917,1540,1233,1623,1548,1608,1546
(15*15),Scheduling time,0.17,0.21,0.4,0.31,0.32,0.36,0.37,0.38,0.56,0.79,0.71,0.95,5.21,0.6,0.55,1.16,0.59,4.5,35.96,3.06,1484.03,0.59,,0.26,0.25,0.23,0.23
,Standard deviation,0,0,0,0,0,0,0,0,77.88,43.38,7.26,0,0,14.69,0,0,0,44.12,83.7,65.66,52.61,5.47,,61.38,63.71,57.78,55.16
la40,MAKESPAN,1561,1681,1631,1822,1607,1358,1476,1613,1573,1500,1504,1894,1504,1756,1504,1476,1760,1622,1792,1965,1894,1358,1222,1709,1493,1508,1481
(15*15),Scheduling time,0.17,0.2,0.45,0.3,0.31,0.37,0.29,0.38,0.58,0.79,0.75,0.9,5.29,0.57,0.58,1.23,0.57,5.16,34.48,3.09,1484.62,0.55,,0.26,0.26,0.22,0.23
,Standard deviation,0,0,0,0,0,0,0,0,127.72,47.43,3.78,0,0,28.42,0,0,0,110.26,97.17,65.19,53.54,0,,83.1,57.93,67.97,66.19
orb01,MAKESPAN,1345,1365,1410,1410,1308,1307,1478,1458,1372,1337,1397,1307,1394,1443,1394,1478,1460,1141,1415,1520,1495,1307,1059,1392,1470,1317,1402
(10*10),Scheduling time,0.08,0.09,0.12,0.17,0.13,0.14,0.12,0.17,0.22,0.35,0.24,0.26,1.83,0.23,0.25,0.46,0.22,1.8,29.07,2.99,1259.24,0.25,,0.11,0.11,0.09,0.1
,Standard deviation,0,0,0,0,0,0,0,0,76.24,34.13,21.53,0,0,50.66,0,0,0,86.01,71.31,58.87,30.32,7.76,,35.06,130.58,47.25,111.21
orb02,MAKESPAN,1036,1188,1194,1293,1067,1047,1175,1166,1122,1083,1059,1166,1058,1192,1058,1174,1188,990,1123,1226,1209,1047,888,1279,1121,1045,1119
(10*10),Scheduling time,0.06,0.07,0.11,0.12,0.16,0.11,0.11,0.14,0.17,0.35,0.19,0.2,1.86,0.19,0.19,0.34,0.19,1.48,29.61,3,1261.75,0.22,,0.1,0.1,0.08,0.08
,Standard deviation,0,0,0,0,0,0,0,0,74.89,41.42,12.65,0,0,13.63,0,10.94,0,6.35,60.58,48.38,35.8,0,,49.9,62.97,43.18,58.25
orb03,MAKESPAN,1415,1380,1297,1430,1339,1445,1179,1295,1372,1423,1469,1387,1412,1326,1472,1179,1306,1240,1376,1495,1510,1174,1005,1454,1177,1230,1191
(10*10),Scheduling time,0.08,0.09,0.12,0.12,0.18,0.13,0.11,0.16,0.24,0.34,0.25,0.26,1.95,0.22,0.26,0.53,0.23,1.69,29.8,2.98,1265.41,0.29,,0.11,0.11,0.09,0.09
,Standard deviation,0,0,0,0,0,0,0,0,80.77,36.93,18.17,0,5.98,40.85,0,0,0,65.38,82.03,66.08,42.61,32.13,,64.64,37.31,47.85,47.91
orb04,MAKESPAN,1323,1477,1601,1415,1464,1287,1236,1351,1334,1273,1350,1339,1349,1433,1349,1237,1477,1174,1260,1341,1354,1061,1005,1407,1275,1267,1275
(10*10),Scheduling time,0.07,0.08,0.12,0.12,0.18,0.2,0.11,0.16,0.2,0.34,0.18,0.21,1.88,0.2,0.22,0.43,0.2,1.75,29.67,2.99,1262.87,0.21,,0.11,0.11,0.09,0.09
,Standard deviation,0,0,0,0,0,0,0,0,96.7,52.1,8.01,0,0,73.19,0,10.75,0,68.71,63.61,49.06,39.22,19.07,,50.43,66.81,43.59,72.58
orb05,MAKESPAN,1105,1197,1117,1099,1152,1050,1152,1198,1114,1194,1105,1162,1105,1168,1105,1152,1197,1122,1158,1262,1283,1011,887,1121,1120,1113,1112
(10*10),Scheduling time,0.06,0.08,0.14,0.1,0.11,0.1,0.11,0.14,0.2,0.36,0.2,0.21,1.83,0.19,0.2,0.41,0.19,1.62,27.97,3.06,1268.95,0.19,,0.09,0.09,0.08,0.08
,Standard deviation,0,0,0,0,0,0,0,0,45.35,46.92,0,0,0.7,59.02,0,0,0,59.57,68.03,50.33,35.82,5.52,,38.43,45.26,46.81,46.3
orb06,MAKESPAN,1344,1289,1418,1474,1407,1345,1190,1343,1336,1332,1382,1263,1385,1302,1385,1190,1289,1188,1347,1473,1461,1115,1010,1440,1231,1166,1224
(10*10),Scheduling time,0.07,0.08,0.16,0.13,0.14,0.14,0.17,0.16,0.2,0.36,0.23,0.21,1.88,0.22,0.23,0.53,0.22,1.7,27.6,3,1260.7,0.24,,0.11,0.1,0.09,0.09
,Standard deviation,0,0,0,0,0,0,0,0,88.89,38.44,15.09,0,0,26.81,0,0,0,43.77,76.73,59.38,44.97,38.76,,69.76,63.62,49.48,62.59
orb07,MAKESPAN,505,515,519,470,521,500,504,487,499,489,504,514,505,502,505,503,505,450,503,559,549,449,397,544,514,505,513
(10*10),Scheduling time,0.04,0.05,0.07,0.07,0.07,0.09,0.06,0.09,0.13,0.33,0.14,0.14,1.85,0.14,0.15,0.36,0.12,0.75,28.3,2.98,1265.97,0.14,,0.06,0.06,0.05,0.06
,Standard deviation,0,0,0,0,0,0,0,0,25.19,13.42,3.78,0,0,9.26,0,7,0,6.47,27.33,21.34,14.26,6.24,,23.25,22.44,18.1,21.72
orb08,MAKESPAN,1181,1194,1094,1176,1106,1278,1107,1245,1200,1324,1308,1297,1139,1242,1314,1108,1241,990,1220,1311,1329,1063,899,1183,1119,1112,1150
(10*10),Scheduling time,0.07,0.08,0.12,0.11,0.12,0.17,0.11,0.14,0.22,0.33,0.25,0.21,1.85,0.22,0.25,0.42,0.22,1.51,36.01,2.97,1257.81,0.21,,0.1,0.1,0.09,0.09
,Standard deviation,0,0,0,0,0,0,0,0,65.88,29.43,28.02,0,24.95,10.98,0,8.19,0,23.94,66.59,50.03,39.94,6.25,,54.91,41.84,56.74,48.22
orb09,MAKESPAN,1274,1300,1363,1268,1272,1165,1262,1205,1245,1171,1353,1205,1301,1298,1355,1262,1300,955,1192,1241,1268,1065,934,1293,1243,1202,1227
(10*10),Scheduling time,0.07,0.08,0.16,0.15,0.13,0.15,0.11,0.15,0.19,0.36,0.22,0.19,1.83,0.2,0.21,0.35,0.2,1.48,41.47,2.98,1267.4,0.18,,0.11,0.1,0.08,0.09
,Standard deviation,0,0,0,0,0,0,0,0,71.44,63.85,14.14,0,5.37,5.7,0,0,0,33.33,65.86,51.79,38.1,0,,52.92,55.28,44.4,51.26
orb10,MAKESPAN,1176,1315,1381,1254,1255,1256,1113,1162,1234,1242,1177,1154,1175,1202,1175,1113,1201,1136,1237,1362,1380,1207,944,1293,1152,1185,1175
(10*10),Scheduling time,0.07,0.08,0.19,0.15,0.14,0.11,0.11,0.15,0.18,0.36,0.21,0.21,1.74,0.2,0.2,0.42,0.19,1.66,43.83,2.99,1262.98,0.2,,0.1,0.1,0.09,0.09
,Standard deviation,0,0,0,0,0,0,0,0,67.63,50.27,16.38,0,4.88,2.46,0,0,0,60.12,74.57,59.59,41.19,18.54,,39.35,68.93,45.4,53.84
swv01,MAKESPAN,2025,1846,1838,2145,1961,1971,1737,1751,1992,2033,2029,1944,2030,2170,2030,1737,2173,1668,2314,2424,2409,1971,1407,2227,1674,1833,1685
(10*20),Scheduling time,0.27,0.21,0.4,0.54,0.43,0.49,0.29,0.41,0.85,0.73,1.22,1.51,4.57,0.86,0.88,2.46,0.8,6.42,45.42,3.07,1450.08,0.89,,0.3,0.27,0.25,0.24
,Standard deviation,0,0,0,0,0,0,0,0,106.31,57.66,5.67,0,0,21.32,0,0,0,60.66,95.5,74.26,62.32,0,,69.23,52.47,54.04,54.92
swv02,MAKESPAN,1984,1954,1949,2113,1968,2158,1706,1995,1993,2229,1893,2032,1893,1832,1893,1706,1826,1756,2375,2466,2479,2158,1475,2148,1828,1897,1814
(10*20),Scheduling time,0.2,0.21,0.3,0.45,0.45,0.5,0.3,0.4,0.83,0.76,1.04,1.54,4.41,0.78,0.79,2.19,0.79,5.36,46.01,3.1,1455.46,0.95,,0.3,0.28,0.24,0.25
,Standard deviation,0,0,0,0,0,0,0,0,103.35,58.07,1.19,0,0,31.73,0,0,0,9.25,103.99,92.08,53.1,6.65,,73.21,66.18,51.83,66.87
swv03,MAKESPAN,1901,1798,2113,2149,1919,1870,1806,1992,1955,1998,1861,1818,1859,1845,1859,1806,1843,1810,2279,2402,2383,1705,1398,2066,1772,1862,1761
(10*20),Scheduling time,0.2,0.22,0.41,0.42,0.38,0.34,0.29,0.42,0.82,0.77,0.96,1.09,4.41,0.82,0.73,2.21,0.79,5.6,46.91,3.06,1452.81,0.91,,0.29,0.27,0.24,0.24
,Standard deviation,0,0,0,0,0,0,0,0,101.58,45.06,9.5,0,0,13.88,0,0,0,83.47,90.65,75.22,52.43,0,,75.32,44.7,62.76,40.13
swv04,MAKESPAN,1975,1914,1942,2132,1943,2026,1874,1941,1972,2208,2039,2071,2039,1921,2039,1874,1924,1884,2399,2508,2499,1802,1464,2169,1849,1975,1837
(10*20),Scheduling time,0.2,0.21,0.35,0.4,0.35,0.38,0.47,0.42,0.79,0.78,1.14,1.28,4.49,0.75,0.82,2.53,0.76,6.11,45.9,3.07,1454.83,0.96,,0.3,0.28,0.25,0.25
,Standard deviation,0,0,0,0,0,0,0,0,95.31,71.47,5.27,0,0,15.28,0,0,0,49.45,95.14,81.87,50.31,2.89,,83.84,48.67,68.54,65.66
swv05,MAKESPAN,2095,1908,1993,2091,1752,2049,1922,2116,2020,2097,2198,1908,2199,2097,2199,1922,2099,1772,2337,2466,2447,1661,1424,2079,1903,2152,1920
(10*20),Scheduling time,0.21,0.22,0.44,0.6,0.49,0.45,0.46,0.41,0.9,0.78,1.18,1.4,4.56,0.8,0.87,2.44,0.82,5.69,40.72,3.06,1451.7,0.92,,0.29,0.29,0.25,0.22
,Standard deviation,0,0,0,0,0,0,0,0,90.56,47.37,5.39,0,0,14.28,0,0,0,65.95,100.48,81.05,51.19,7.06,,69.85,79.63,82.8,50.26
swv06,MAKESPAN,2639,2096,2383,2542,2327,2287,2140,2360,2363,2429,2280,2465,2280,2394,2280,2140,2395,2068,2929,3109,3006,2102,1671,2592,2228,2255,2222
(15*20),Scheduling time,0.34,0.34,0.64,0.74,0.69,0.55,0.6,0.87,1.49,1.19,1.82,2.07,6.86,1.22,1.43,4.31,1.34,12.92,44.47,3.16,1554.4,1.61,,0.49,0.47,0.41,0.34
,Standard deviation,0,0,0,0,0,0,0,0,112.84,62.74,0,0,0,9.06,0,0,0,110.59,114.58,90.75,64.68,0,,99.75,70.92,78.5,71.66
swv07,MAKESPAN,2178,2105,2311,2263,2273,2101,2146,2303,2250,2251,2432,2136,2433,2237,2433,2146,2236,2309,2741,2896,2840,2082,1594,2389,2070,2161,2063
(15*20),Scheduling time,0.32,0.44,0.59,0.7,0.66,0.57,0.68,0.74,1.49,1.2,1.74,2.17,6.97,1.48,1.51,4.06,1.47,11.54,49.98,3.16,1554.43,1.75,,0.49,0.46,0.41,0.32
,Standard deviation,0,0,0,0,0,0,0,0,108.85,67.94,9.85,0,0,7.56,0,0,0,61.63,118.61,102.67,61.69,5.37,,68.08,94.42,69.05,95.4
swv08,MAKESPAN,2465,2428,2442,2819,2326,2480,2231,2327,2407,2495,2437,2206,2437,2335,2437,2231,2334,2249,3045,3221,3183,2187,1752,2753,2267,2391,2262
(15*20),Scheduling time,0.34,0.35,0.65,0.83,0.95,0.65,0.71,0.75,1.53,1.2,1.65,2,6.99,1.25,1.45,4.42,1.26,11.76,51.16,3.12,1554.06,1.48,,0.52,0.47,0.41,0.34
,Standard deviation,0,0,0,0,0,0,0,0,118.41,72.45,0,0,0,8.96,0,0,0,75.46,113.93,94.25,61.72,1.49,,91.36,70.61,73.28,66.55
swv09,MAKESPAN,2439,2237,2389,2505,2194,2553,2247,2448,2377,2408,2482,2247,2482,2398,2482,2247,2402,2039,2941,3052,3046,2039,1655,2491,2183,2356,2227
(15*20),Scheduling time,0.33,0.36,0.81,0.73,0.65,0.7,0.8,0.61,1.52,1.2,1.46,2.2,6.92,1.29,1.32,4.65,1.35,11.04,60.06,3.15,1550.77,1.54,,0.5,0.47,0.42,0.34
,Standard deviation,0,0,0,0,0,0,0,0,117.44,62.77,0,0,0,15.33,0,0,0,103.2,110.95,96.67,69.63,0,,109.32,85.95,87.77,75.92
swv10,MAKESPAN,2513,2267,2338,2637,2284,2431,2337,2325,2393,2425,2481,2287,2481,2475,2481,2337,2476,2160,2981,3173,3082,2160,1743,2537,2257,2361,2249
(15*20),Scheduling time,0.35,0.35,0.75,0.65,0.51,0.75,0.68,0.7,1.51,1.2,1.75,2.61,7.11,1.47,1.54,4.04,1.43,10.44,59.48,3.12,1548.53,1.6,,0.52,0.49,0.43,0.35
,Standard deviation,0,0,0,0,0,0,0,0,100.98,55.59,0,0,0,8.57,0,0,0,81.75,93.7,92.4,65.53,6.47,,83.86,66.82,81.48,74.62
swv11,MAKESPAN,4439,3746,4029,4763,3928,4642,3714,3834,4151,4494,4015,4171,4015,3761,4015,3714,3757,3534,5528,5553,5608,3420,2983,4630,3616,4276,3641
(10*50),Scheduling time,1.16,1.1,2.08,2.47,2.27,2.05,2.08,2.04,9.48,2.15,10.14,10.11,30.25,7.48,8.92,31.1,8.16,59.69,70.93,3.12,1624.17,10.57,,1.57,1.38,1.3,0.99
,Standard deviation,0,0,0,0,0,0,0,0,161.3,54.37,0,0,0,30.78,0,0,0,80.79,105.77,138.11,82.98,0,,88.61,90.47,81.17,98.96
swv12,MAKESPAN,4594,4008,3889,4503,3761,4821,3759,3756,4181,4747,3717,4047,3717,3906,3717,3759,3905,3459,5532,5575,5628,3459,2977,4530,3591,4578,3588
(10*50),Scheduling time,1.14,1.05,2.1,2.36,2.16,2.38,1.86,1.63,8.98,2.15,9.09,9.79,30.65,7.85,9.4,29.78,8.29,59.2,55.98,3.11,1625.84,9.82,,1.53,1.41,1.39,0.99
,Standard deviation,0,0,0,0,0,0,0,0,153.52,56.11,0,0,0,13.83,0,0,0,45.04,115.85,180.83,88.44,0,,123.99,72.81,79.98,64.55
swv13,MAKESPAN,4752,4046,4069,4467,3955,4755,3657,3842,4213,4835,3730,3923,3730,4165,3730,3657,4164,3687,5673,5717,5761,3687,3104,4548,3714,4557,3710
(10*50),Scheduling time,1.06,1.14,1.82,2,1.94,2.12,2,1.99,7.72,2.13,8.7,8.83,28.79,7.1,7.91,29.7,7.21,65.4,53.55,3.44,1628.75,9.57,,1.51,1.4,1.35,0.99
,Standard deviation,0,0,0,0,0,0,0,0,151.38,102.09,0,0,0,3.27,0,0,0,113.9,128.92,184.61,99.22,0,,121.29,64.87,82.84,73.58
swv14,MAKESPAN,4493,3639,3695,4632,3802,4740,3506,3630,4008,4636,3764,3757,3764,3736,3764,3506,3730,3487,5449,5457,5495,3487,2968,4583,3504,4324,3504
(10*50),Scheduling time,1.12,1.02,1.74,2.48,2.13,2.27,1.81,1.7,8.01,2.18,8.1,8.44,28.81,7.31,7.02,27.83,7.39,61.04,63.81,4.33,1624.34,9.7,,1.53,1.39,1.23,0.99
,Standard deviation,0,0,0,0,0,0,0,0,162.62,59.23,0,0,0,43.54,0,0,0,52.05,101.01,164.41,109.99,0,,85.32,77.95,72.46,77.21
swv15,MAKESPAN,4617,3665,3919,4404,3690,4905,3501,3869,3962,4742,3701,4142,3701,3630,3701,3501,3630,3440,5504,5478,5594,3440,2885,4463,3477,4297,3483
(10*50),Scheduling time,1.07,1.08,1.98,2.23,2.12,2.21,1.92,1.91,7.6,2.1,8,11.54,28.31,6.66,7.35,26.85,6.43,63.39,63.75,4.57,1626.65,9.96,,1.53,1.39,1.11,0.98
,Standard deviation,0,0,0,0,0,0,0,0,136.83,68.91,3.38,0,0,0,0,0,0,123.09,121.11,173.42,93.22,0,,104.39,92.04,86.33,85.19
swv16,MAKESPAN,3024,3413,3520,3416,3133,2924,3453,3453,3223,2937,3265,3169,3265,3325,3265,3453,3327,2966,3763,3912,3808,2924,2924,3422,3381,3000,3376
(10*50),Scheduling time,0.95,1.09,1.76,2.29,2.3,1.78,2.01,2.21,6.93,2.07,8.28,8.97,27.06,7.37,6.57,22.55,7.44,51.01,64.33,4.52,1624.95,8.24,,1.36,1.34,0.94,0.97
,Standard deviation,0,0,0,0,0,0,0,0,133.8,28.29,0,0,0,9.99,0,0,0,50.9,62.25,95.01,60.04,0,,92.25,67.26,35.98,69.64
swv17,MAKESPAN,2896,3538,3219,3438,3105,2848,3082,3262,3067,2864,3288,3082,3288,3098,3288,3082,3106,2999,3673,3821,3732,2827,2794,3392,3096,2909,3084
(10*50),Scheduling time,0.96,0.98,1.65,1.77,1.9,1.73,1.91,1.8,7.72,1.98,8.32,9.55,27.42,7.57,6.66,24.06,7.69,55.7,59.52,4.49,1626.2,7.78,,1.34,1.31,0.93,1.05
,Standard deviation,0,0,0,0,0,0,0,0,111.75,42.27,0,0,0,23.1,0,0,0,44.7,72.17,89.94,63.58,6.3,,127.01,79.61,57.02,89.64
swv18,MAKESPAN,2991,3609,3309,3591,3381,2852,3191,3095,3077,2962,3040,3009,3040,3410,3040,3191,3417,2916,3632,3804,3705,2852,2852,3421,3169,2985,3104
(10*50),Scheduling time,0.87,1.06,1.74,2.31,1.92,2.05,1.78,1.74,8.14,2,9.09,10.16,27.71,6.89,7.86,22.69,6.94,53.24,54.62,4.4,1624.92,7.82,,1.34,1.31,0.97,1.16
,Standard deviation,0,0,0,0,0,0,0,0,101.45,44.06,0,0,0,19.09,0,0,0,77.98,65.89,86.03,54.92,0,,112.86,60.67,46.95,71.24
swv19,MAKESPAN,3173,3341,3595,3889,3174,3060,3161,3805,3186,3137,3404,3261,3404,3353,3404,3161,3377,2935,3947,4082,4014,3060,2843,3662,3335,3119,3120
(10*50),Scheduling time,0.97,1.01,1.75,2.3,1.87,2.02,1.98,1.94,8.12,1.96,8.32,10,26.3,6.85,7.36,20.87,6.93,56.57,51.74,4.39,1625.34,8.41,,1.38,1.35,1.03,1.16
,Standard deviation,0,0,0,0,0,0,0,0,101.68,55.78,0,0,0,63.23,0,0,0,115.84,70.44,93.03,67.17,4.51,,117.75,67.23,60.46,95.54
swv20,MAKESPAN,2850,3306,3271,3592,3356,2851,3125,3181,3005,2868,3116,3019,3116,3253,3116,3125,3263,2850,3610,3766,3656,2823,2823,3548,3073,2883,3054
(10*50),Scheduling time,0.87,1.05,1.96,2.15,2.32,2.04,1.75,2.14,8.23,1.97,8.52,11.21,25.7,7.18,7.47,21.32,7.07,46.79,51.56,4.37,1624.5,8.56,,1.33,1.31,0.94,1.12
,Standard deviation,0,0,0,0,0,0,0,0,92.51,37.55,0,0,0,47.81,0,0,0,32.26,63.31,92.39,65.21,6.65,,102.89,83.83,44,68.75
yn1,MAKESPAN,1243,1129,1205,1115,1177,1045,1196,1188,1134,1097,1087,1239,1087,1230,1087,1196,1236,1032,1453,1568,1501,1045,884,1123,1153,1135,1122
(20*20),Scheduling time,0.35,0.32,0.52,0.63,0.56,0.7,0.72,0.58,1.09,1.51,1.32,1.81,7.92,1.11,1.07,3.06,1.15,8.44,43.37,4.47,1599.69,1.19,,0.42,0.44,0.31,0.38
,Standard deviation,0,0,0,0,0,0,0,0,54.1,38.72,0,0,0,21.18,0,0,0,90.71,46.59,45.06,28.04,6.02,,50.01,39.68,37.87,44.41
yn2,MAKESPAN,1165,1319,1446,1195,1225,1074,1256,1199,1175,1119,1138,1100,1138,1245,1138,1256,1229,1259,1492,1609,1534,1074,904,1167,1268,1150,1231
(20*20),Scheduling time,0.29,0.34,0.63,0.8,0.6,0.67,0.58,0.69,1.19,1.56,1.54,2.01,8,1.11,1.22,2.97,1.07,9.71,42.05,4.5,1599.19,1.2,,0.44,0.46,0.32,0.37
,Standard deviation,0,0,0,0,0,0,0,0,63.36,32.24,0.7,0,0,34.36,0,0,0,71.82,48.75,52.34,34.22,0.3,,43.2,73.12,38.62,63.31
yn3,MAKESPAN,1073,1276,1280,1159,1126,1100,1042,1207,1129,1084,1208,1064,1209,1186,1209,1042,1184,1112,1490,1607,1539,1059,892,1161,1089,1086,1059
(20*20),Scheduling time,0.3,0.41,0.66,0.63,0.67,0.6,0.58,0.69,1.22,1.61,1.43,2.1,7.97,1.19,1.24,2.88,1.16,7.96,45.42,4.47,1600.26,1.33,,0.44,0.43,0.32,0.38
,Standard deviation,0,0,0,0,0,0,0,0,69.85,24.21,7.86,0,0,8.31,0,0,0,32.83,52.73,48.96,29.5,7.01,,45.32,41.9,37.82,44.79
yn4,MAKESPAN,1217,1338,1296,1322,1346,1267,1273,1498,1225,1201,1376,1160,1376,1310,1376,1273,1311,1249,1608,1746,1670,1267,968,1246,1276,1235,1264
(20*20),Scheduling time,0.31,0.36,0.61,0.83,0.5,0.83,0.55,0.77,1.29,1.63,1.68,2.06,8.34,1.2,1.43,3.61,1.24,8.61,59.41,4.48,1599.51,1.34,,0.45,0.47,0.33,0.41
,Standard deviation,0,0,0,0,0,0,0,0,53.12,26.82,0,0,0,11.52,0,0,0,47.64,55.67,50.86,32.83,0,,62.92,62.37,55.8,53.7
,MAKESPAN,469,485,505,513,490,474,475,507,490,,477,484,303,488,303,475,502,467,,,,303,,508,467,486,475
5*5,Scheduling time,0.01,0.01,0.02,0.03,0.03,0.03,0.03,0.03,0.03,,0.04,0.04,0.33,0.03,0.04,0.05,0.04,,,,,0.03,,0.02,0.02,0.01,0.01
,Standard deviation,65.4,64.48,76.82,82.2,64.98,63.06,69.22,78.99,72.2,,75.42,79.98,74.77,76.7,74.77,70.68,68.49,,,,,66.88,,78.87,59.79,65.84,71.96
,MAKESPAN,773,759,794,792,775,755,753,783,773,,773,768,560,773,560,757,772,759,,,,560,,796,778,749,760
10*5,Scheduling time,0.03,0.03,0.05,0.06,0.05,0.06,0.05,0.06,0.06,,0.07,0.07,0.66,0.07,0.06,0.06,0.07,,,,,0.05,,0.03,0.04,0.03,0.03
,Standard deviation,81.23,78.21,95.6,79.7,83.78,70.1,82.3,93.84,93.89,,88.6,86.01,88.15,82.15,88.15,79.33,88.67,,,,,72.74,,91.65,90.68,76.03,79.44
,MAKESPAN,1064,1063,1070,1075,1026,1045,1051,1079,1050,,1049,1049,868,1047,868,1033,1048,1038,,,,801,,1056,1033,1047,1028
15*5,Scheduling time,0.05,0.05,0.09,0.1,0.1,0.1,0.09,0.1,0.1,,0.09,0.12,0.97,0.09,0.09,0.09,0.1,,,,,0.1,,0.06,0.07,0.05,0.05
,Standard deviation,88.23,99.55,95.96,110.5,81.79,93,86.83,95.95,89.98,,89.55,79.15,87.6,87.59,87.72,80.86,90.74,,,,,87.96,,91.86,88.07,84.28,88.31
,MAKESPAN,1326,1316,1351,1329,1315,1318,1319,1340,1337,,1346,1341,1106,1336,1106,1334,1336,1328,,,,1106,,1334,1320,1315,1338
20*5,Scheduling time,0.07,0.08,0.13,0.15,0.14,0.14,0.14,0.15,0.15,,0.13,0.19,1.31,0.13,0.15,0.12,0.15,,,,,0.15,,0.08,0.1,0.07,0.07
,Standard deviation,95.48,100.81,111.69,101.06,96.7,83.14,94.44,109.51,103.51,,99.24,98.17,99.24,99.15,99.24,95.58,97.92,,,,,90.56,,96.82,97.85,94.71,106.27
,MAKESPAN,740,799,833,832,774,714,754,811,778,,751,766,572,789,572,755,797,720,,,,545,,841,773,765,757
5*10,Scheduling time,0.03,0.04,0.06,0.07,0.07,0.05,0.06,0.07,0.09,,0.1,0.11,0.71,0.09,0.09,0.2,0.09,,,,,0.08,,0.04,0.04,0.03,0.03
,Standard deviation,71.09,96.4,95.34,79.29,83.9,67.44,80.37,100.47,99.66,,86.99,99.88,87.65,85.62,87.65,97.87,89.05,,,,,83.84,,92.88,91.48,94.5,81.22
,MAKESPAN,1028,1096,1126,1115,1043,990,1021,1111,1054,,1043,1038,854,1077,854,1017,1086,978,,,,807,,1110,1026,1056,1036
10*10,Scheduling time,0.06,0.07,0.12,0.14,0.13,0.12,0.13,0.12,0.15,,0.16,0.2,1.41,0.15,0.16,0.28,0.14,,,,,0.15,,0.07,0.08,0.06,0.06
,Standard deviation,85.76,99.81,121.31,101.73,105.24,75.13,98.48,114,107.45,,93.74,104.89,94.22,117.12,94.22,89.32,115.1,,,,,76.16,,112.32,105.79,103.16,100.25
,MAKESPAN,1320,1365,1419,1376,1310,1264,1293,1406,1343,,1324,1309,1069,1352,1069,1314,1358,1268,,,,1093,,1359,1303,1302,1290
15*10,Scheduling time,0.1,0.11,0.19,0.21,0.2,0.2,0.21,0.21,0.22,,0.22,0.29,2.16,0.25,0.24,0.38,0.21,,,,,0.23,,0.12,0.14,0.1,0.1
,Standard deviation,101.32,124.16,118.18,108.65,110.45,84.44,110.66,126,125.17,,100.15,95.1,99.95,105.03,99.95,113.84,108.85,,,,,75.95,,108.37,112.84,94.95,101.43
,MAKESPAN,1608,1602,1683,1648,1583,1564,1574,1671,1603,,1609,1594,1371,1642,1371,1574,1644,1552,,,,1354,,1652,1586,1575,1570
20*10,Scheduling time,0.15,0.17,0.28,0.33,0.31,0.29,0.29,0.3,0.34,,0.38,0.52,3.03,0.31,0.3,0.46,0.32,,,,,0.31,,0.17,0.21,0.15,0.15
,Standard deviation,104.06,99.91,150.18,107.93,105.87,79.74,108.59,127.11,109.42,,109,106.35,109,121.35,109,106.74,125.39,,,,,86.56,,121.92,109.14,107.67,109.97
,MAKESPAN,989,1127,1130,1156,1049,965,1044,1118,1046,,1060,1038,837,1081,837,1040,1093,959,,,,749,,1160,1034,1014,1042
5*15,Scheduling time,0.06,0.06,0.11,0.11,0.12,0.11,0.1,0.11,0.2,,0.18,0.23,1.22,0.17,0.17,0.4,0.17,,,,,0.17,,0.07,0.08,0.05,0.06
,Standard deviation,88.34,104.87,97.26,109.33,91.98,85.26,96.73,93.22,104,,93.4,97.28,92.93,100.44,92.93,95.55,94.58,,,,,73.51,,102.31,102.1,100.68,93
,MAKESPAN,1300,1405,1465,1452,1359,1226,1312,1459,1334,,1333,1323,1116,1402,1116,1291,1416,1213,,,,1077,,1436,1331,1283,1301
10*15,Scheduling time,0.11,0.13,0.22,0.23,0.23,0.23,0.22,0.23,0.34,,0.33,0.41,2.42,0.31,0.34,0.75,0.32,,,,,0.33,,0.13,0.15,0.11,0.11
,Standard deviation,92.6,120.83,126.97,131.02,111.19,90.62,125.67,132.08,104.66,,97.91,119.11,97.91,128.01,97.91,102.98,123.2,,,,,74.74,,111.79,118.96,96.74,101.91
,MAKESPAN,1577,1686,1742,1708,1643,1477,1556,1742,1617,,1627,1606,1308,1698,1308,1561,1707,1485,,,,1325,,1703,1584,1571,1585
15*15,Scheduling time,0.18,0.21,0.34,0.39,0.38,0.36,0.36,0.35,0.49,,0.64,0.88,3.85,0.49,0.52,1.16,0.49,,,,,0.5,,0.21,0.24,0.18,0.18
,Standard deviation,104.68,142.88,145.02,128.62,133.14,94.65,129.74,149.11,104.22,,118.53,130.56,118.53,140.38,118.53,109.51,137.95,,,,,80.06,,139.78,134.11,108.32,123.86
,MAKESPAN,1872,1955,2020,1960,1871,1758,1813,2011,1897,,1900,1919,1676,1925,1676,1830,1923,1747,,,,1600,,1953,1841,1838,1826
20*15,Scheduling time,0.26,0.3,0.5,0.54,0.55,0.52,0.53,0.54,0.67,,0.88,1.08,5.13,0.67,0.66,1.44,0.68,,,,,0.74,,0.3,0.35,0.26,0.25
,Standard deviation,114.82,138.07,144.53,123.33,125.72,74.58,120.65,139.94,132.87,,113.17,167.35,113.17,138.08,113.17,123.27,134.95,,,,,72.32,,141.9,127.54,111.31,136.74
,MAKESPAN,1249,1407,1443,1441,1334,1231,1295,1376,1307,,1349,1295,1133,1381,1133,1309,1387,1223,,,,1050,,1447,1331,1293,1294
5*20,Scheduling time,0.09,0.1,0.16,0.19,0.18,0.18,0.17,0.17,0.3,,0.32,0.31,1.82,0.31,0.31,0.74,0.27,,,,,0.35,,0.1,0.12,0.09,0.08
,Standard deviation,94.48,109.85,115.55,116.66,100.55,89.95,96.55,116.63,111.22,,98.24,107.36,98.02,106.12,98.02,112.63,101.45,,,,,89.45,,104.77,104.56,118.88,101.86
,MAKESPAN,1554,1732,1745,1772,1639,1454,1588,1740,1618,,1674,1570,1409,1729,1409,1573,1725,1458,,,,1310,,1785,1589,1558,1572
10*20,Scheduling time,0.18,0.2,0.33,0.4,0.38,0.35,0.37,0.36,0.65,,0.94,1.24,3.91,0.63,0.65,1.61,0.61,,,,,0.72,,0.21,0.25,0.18,0.2
,Standard deviation,96.59,143.81,120.58,133.23,105.67,92.96,117.8,128.49,134.46,,138.47,118.11,137.73,124.31,137.73,120.61,122.09,,,,,91.91,,131.85,115.56,120.19,133.06
,MAKESPAN,1836,1993,2078,2029,1948,1699,1847,2049,1902,,1944,1851,1670,2015,1670,1851,2014,1718,,,,1488,,2014,1835,1819,1863
15*20,Scheduling time,0.29,0.33,0.55,0.64,0.62,0.58,0.58,0.61,1,,1.38,1.66,5.81,0.95,1,2.75,1.01,,,,,1.15,,0.34,0.39,0.29,0.34
,Standard deviation,122.97,147.12,140.84,146.71,130.44,80.44,140.62,141.73,139.68,,133.66,141.82,133.64,147.86,133.64,118.62,148.65,,,,,95.25,,148.83,127.18,110.25,145
,MAKESPAN,2111,2275,2372,2305,2220,1968,2106,2330,2154,,2184,2122,1886,2282,1886,2102,2284,1964,,,,1750,,2276,2098,2110,2093
20*20,Scheduling time,0.41,0.47,0.81,0.92,0.87,0.86,0.83,0.85,1.44,,1.81,2.18,7.41,1.33,1.39,3.66,1.37,,,,,1.54,,0.46,0.56,0.41,0.49
,Standard deviation,110.28,165.68,184.64,165.32,121.15,77.99,136.45,171.37,132.68,,138.1,163.96,138.1,150.71,138.1,128.55,152.24,,,,,80.82,,158.65,153.74,111.27,131.26
,MAKESPAN,1754,2022,2038,2061,1883,1760,1870,1972,1874,,1901,1853,1636,1949,1636,1868,1949,1761,,,,1557,,2025,1889,1779,1878
5*30,Scheduling time,0.18,0.19,0.35,0.4,0.36,0.35,0.34,0.34,0.76,,0.77,0.85,3.34,0.73,0.71,2.01,0.69,,,,,0.85,,0.2,0.23,0.17,0.2
,Standard deviation,95.6,131.9,130.97,142.64,100.32,108.6,123.65,145.08,132.19,,122.09,122.33,122.27,111.05,122.27,129.61,117.81,,,,,99.71,,115.59,120.82,94.55,135.47
,MAKESPAN,2072,2302,2408,2395,2194,1963,2140,2325,2141,,2270,2129,1909,2267,1909,2122,2274,1956,,,,1686,,2383,2184,2036,2152
10*30,Scheduling time,0.37,0.41,0.7,0.84,0.77,0.78,0.7,0.73,1.92,,2.45,3.07,7.13,1.73,1.83,5.36,1.76,,,,,2.13,,0.42,0.51,0.37,0.44
,Standard deviation,110.3,152.24,181.84,135.86,130.45,101.02,126.22,142.94,128.74,,128.57,165.75,128.57,124.24,128.57,126.17,123.84,,,,,109.12,,153.17,139.25,107.67,118.63
,MAKESPAN,2379,2580,2712,2683,2558,2167,2403,2693,2410,,2562,2401,2270,2613,2270,2400,2606,2198,,,,1958,,2655,2490,2344,2433
15*30,Scheduling time,0.59,0.66,1.15,1.33,1.25,1.22,1.21,1.2,3.28,,3.88,4.53,10.74,2.98,3.13,9.32,2.93,,,,,3.48,,0.68,0.8,0.6,0.71
,Standard deviation,118.9,166.88,173.86,160.12,146.1,109.82,149.16,167.73,152.41,,147.07,176.58,147.07,157.88,147.07,160.2,161.6,,,,,109.43,,143.49,172.27,113.41,147.35
,MAKESPAN,2634,2882,3005,2972,2828,2428,2680,2980,2694,,2855,2633,2489,2933,2489,2649,2943,2435,,,,2229,,2903,2726,2633,2652
20*30,Scheduling time,0.84,0.95,1.71,1.86,1.77,1.77,1.73,1.72,4.87,,5.41,5.15,14.07,4.24,4.51,15.28,4.19,,,,,5,,0.94,1.14,0.86,1.01
,Standard deviation,124.59,187.34,180.65,160.95,140.38,112.05,174.54,184.82,158.41,,166.58,163.76,166.58,167.29,166.58,147.46,162.84,,,,,97.25,,155.87,174.99,141.34,169.85
,MAKESPAN,3076,3460,3565,3625,3310,3009,3227,3488,3232,,3365,3179,3060,3398,3060,3228,3393,3005,,,,2775,,3596,3293,3084,3239
10*50,Scheduling time,0.95,1.05,1.84,2.09,2.03,2.01,1.89,1.92,8.82,,9.56,8.96,21.74,7.37,7.79,24.55,7.33,,,,,9,,1.08,1.27,0.96,1.13
,Standard deviation,136.89,159.22,148.18,181.87,128.82,126.44,132.18,157.18,147.33,,146.56,180.45,146.46,149.82,146.46,136.55,149.64,,,,,118.61,,200.06,169.72,127.96,198.66
,MAKESPAN,3382,3761,3964,3916,3678,3217,3480,3876,3515,,3713,3454,3379,3775,3379,3505,3770,3216,,,,2994,,3905,3604,3362,3507
15*50,Scheduling time,1.57,1.73,2.81,3.41,3.21,3.2,3.08,3.07,16.3,,15.4,15.53,35.8,13.86,15.15,42.68,13.91,,,,,15.68,,1.74,2.09,1.55,1.66
,Standard deviation,133.6,169.71,190.35,176.9,134.91,131.42,167.41,179.85,158.68,,149.31,239.92,150.51,165.19,150.51,173.3,164.71,,,,,100.02,,174.1,175.52,132.29,155.05
,MAKESPAN,3668,4034,4239,4209,3993,3425,3797,4197,3752,,4085,3671,3660,4105,3660,3772,4096,3456,,,,3199,,4177,3879,3684,3784
20*50,Scheduling time,2.28,2.49,4.25,4.76,4.44,4.4,4.51,4.42,22.52,,21.02,23.92,51.75,21.19,22.43,61.31,22.14,,,,,21.13,,2.48,3.01,2.24,2.17
,Standard deviation,158.31,194.75,170.88,199.08,147.74,109.09,171.02,201.67,165.71,,177.68,236.66,177.68,179.78,177.68,192.82,170.14,,,,,129.3,,209.05,195.61,140.06,183.9
,MAKESPAN,5960,6573,6802,6945,6380,5849,6220,6649,6161,,6468,5988,6104,6534,6104,6214,6532,5856,,,,5492,,6829,6373,5990,6218
15*100,Scheduling time,6.22,6.69,11.52,12.78,12.39,12.23,12.02,11.73,127.1,,124.4,139.79,280.9,114.67,112.94,323.53,116.78,,,,,137.37,,8.25,8.01,5.96,5.81
,Standard deviation,196.25,205.81,207.27,240.14,171.28,180.32,184.43,205.55,197.28,,192.65,225.82,192.65,185.75,192.65,170.6,183.9,,,,,172.33,,228.08,191.23,175.52,173.35
,MAKESPAN,6244,6927,7192,7224,6782,6053,6497,7048,6427,,6862,6259,6433,6913,6433,6516,6916,6058,,,,5650,,7103,6680,6246,6485
20*100,Scheduling time,9.95,15.16,15.96,18.15,18.55,17.35,17.79,17.4,205.56,,195.92,219.5,548.19,189.81,191.72,640.61,190.71,,,,,216.39,,12.15,11.77,8.72,8.49
,Standard deviation,169.97,214.81,226.79,235.3,174.85,150.69,241.64,207.63,201.03,,218.28,267.32,218.28,203.48,218.28,211,209.39,,,,,160.34,,249.77,208.85,168.61,196.53
